mes,Q_gen,Q_total,Q_recoleccion,eta_cadena,bio_hojas,bio_cormo,bio_flores_c,bio_campo_tot,bio_raquis,bio_bracteas,bio_flores_e,bio_manos,costo_log,GEI_total,fertilidad,superficie,residuos_campo,alpha_red,perdida_red,G_max_din,bio_total_verificado
0,92416.5000,0.0000,0.4200,0.4200,9900.0000,4950.0000,1485.0000,85635.0000,2227.5000,792.0000,495.0000,3267.0000,0,6761.7000,0.5000,32000.0000,0.0000,0.0000,92416.5000,3000.0000,23116.5000
1,92755.5791,38814.9300,0.4200,0.4200,9936.3234,4968.1617,1490.4485,85949.1976,2235.6728,794.9059,496.8162,3278.9867,0,6828.0963,0.4990,32124.5478,92416.5000,0.4185,53940.6491,3005.0000,23201.3152
2,93092.9028,55647.7631,0.4200,0.4200,9972.4588,4986.2294,1495.8688,86261.7685,2243.8032,797.7967,498.6229,3290.9114,0,6870.8120,0.4980,32248.5286,132494.6741,0.5978,37445.1397,3009.9900,23285.6913
3,93428.4260,63027.5573,0.4200,0.4200,10008.4013,5004.2006,1501.2602,86572.6711,2251.8903,800.6721,500.4201,3302.7724,0,6903.2676,0.4970,32371.9262,150065.6127,0.6746,30400.8687,3014.9700,23369.6170
4,93762.1042,66341.7886,0.4200,0.4200,10044.1461,5022.0731,1506.6219,86881.8641,2259.9329,803.5317,502.2073,3314.5682,0,6931.2323,0.4960,32494.7246,157956.6395,0.7076,27420.3157,3019.9401,23453.0812
5,94093.8930,67907.0529,0.4200,0.4200,10079.6886,5039.8443,1511.9533,87189.3063,2267.9299,806.3751,503.9844,3326.2972,0,6957.1849,0.4950,32616.9080,161683.4592,0.7217,26186.8402,3024.9002,23536.0729
6,94423.7479,68719.4678,0.4200,0.4200,10115.0239,5057.5119,1517.2536,87494.9566,2275.8804,809.2019,505.7512,3337.9579,0,6982.1893,0.4940,32738.4603,163617.7805,0.7278,25704.2801,3029.8504,23618.5808
7,94751.6243,69207.3453,0.4200,0.4200,10150.1472,5075.0736,1522.5221,87798.7735,2283.7831,812.0118,507.5074,3349.5486,0,7006.7013,0.4930,32859.3656,164779.3935,0.7304,25544.2790,3034.7907,23700.5938
8,95077.4775,69554.8407,0.4200,0.4200,10185.0538,5092.5269,1527.7581,88100.7156,2291.6371,814.8043,509.2527,3361.0678,0,7030.9148,0.4921,32979.6078,165606.7635,0.7316,25522.6368,3039.7211,23782.1007
9,95401.2625,69841.1220,0.4200,0.4200,10219.7389,5109.8694,1532.9608,88400.7413,2299.4412,817.5791,510.9869,3372.5138,0,7054.9114,0.4911,33099.1706,166288.3858,0.7321,25560.1404,3044.6417,23863.0903
10,95722.9340,70100.2127,0.4200,0.4200,10254.1975,5127.0988,1538.1296,88698.8087,2307.1944,820.3358,512.7099,3383.8852,0,7078.7243,0.4901,33218.0380,166905.2684,0.7323,25622.7213,3049.5524,23943.5512
11,96042.4464,70346.7237,0.4200,0.4200,10288.4249,5144.2124,1543.2637,88994.8754,2314.8956,823.0740,514.4212,3395.1802,0,7102.3657,0.4891,33336.1933,167492.1994,0.7325,25695.7227,3054.4533,24023.4721
12,96359.7538,70586.9187,0.4200,0.4200,10322.4161,5161.2080,1548.3624,89288.8988,2322.5436,825.7933,516.1208,3406.3973,0,7125.8390,0.4881,33453.6201,168064.0922,0.7325,25772.8351,3059.3444,24102.8415
13,96674.8098,70823.4717,0.4200,0.4200,10356.1660,5178.0830,1553.4249,89580.8361,2330.1374,828.4933,517.8083,3417.5348,0,7149.1437,0.4872,33570.3016,168627.3135,0.7326,25851.3382,3064.2257,24181.6477
14,96987.5675,71057.5129,0.4200,0.4200,10389.6698,5194.8349,1558.4505,89870.6437,2337.6757,831.1736,519.4835,3428.5910,0,7172.2775,0.4862,33686.2210,169184.5546,0.7326,25930.0545,3069.0972,24259.8790
15,97297.9793,71289.5089,0.4200,0.4200,10422.9223,5211.4611,1563.4383,90158.2776,2345.1575,833.8338,521.1461,3439.5643,0,7195.2375,0.4852,33801.3612,169736.9260,0.7327,26008.4704,3073.9590,24337.5235
16,97605.9973,71519.6402,0.4200,0.4200,10455.9183,5227.9591,1568.3877,90443.6933,2352.5816,836.4735,522.7959,3450.4530,0,7218.0204,0.4842,33915.7047,170284.8575,0.7327,26086.3572,3078.8111,24414.5692
17,97911.5727,71747.9641,0.4200,0.4200,10488.6527,5244.3263,1573.2979,90726.8456,2359.9469,839.0922,524.4326,3461.2554,0,7240.6226,0.4833,34029.2341,170828.4861,0.7328,26163.6085,3083.6535,24491.0040
18,98214.6558,71974.4851,0.4200,0.4200,10521.1201,5260.5600,1578.1680,91007.6885,2367.2520,841.6896,526.0560,3471.9696,0,7263.0405,0.4823,34141.9315,171367.8217,0.7328,26240.1707,3088.4862,24566.8153
19,98515.1962,72199.1840,0.4200,0.4200,10553.3151,5276.6575,1582.9973,91286.1754,2374.4959,844.2652,527.6658,3482.5940,0,7285.2705,0.4813,34253.7785,171902.8191,0.7329,26316.0122,3093.3092,24641.9907
20,98813.1427,72422.0315,0.4200,0.4200,10585.2322,5292.6161,1587.7848,91562.2587,2381.6772,846.8186,529.2616,3493.1266,0,7307.3086,0.4804,34364.7569,172433.4084,0.7329,26391.1112,3098.1226,24716.5172
21,99108.4429,72642.9935,0.4200,0.4200,10616.8659,5308.4329,1592.5299,91835.8897,2388.7948,849.3493,530.8433,3503.5657,0,7329.1512,0.4794,34474.8476,172959.5084,0.7330,26465.4493,3102.9264,24790.3818
22,99401.0431,72862.0332,0.4200,0.4200,10648.2103,5324.1051,1597.2315,92107.0191,2395.8473,851.8568,532.4105,3513.9094,0,7350.7941,0.4785,34584.0313,173481.0314,0.7330,26539.0099,3107.7205,24863.5710
23,99690.8889,73079.1124,0.4200,0.4200,10679.2597,5339.6298,1601.8889,92375.5960,2402.8334,854.3408,533.9630,3524.1557,0,7372.2334,0.4775,34692.2883,173997.8867,0.7331,26611.7765,3112.5051,24936.0713
24,99977.9241,73294.1917,0.4200,0.4200,10710.0079,5355.0040,1606.5012,92641.5686,2409.7518,856.8006,535.5004,3534.3026,0,7393.4649,0.4765,34799.5985,174509.9801,0.7331,26683.7324,3117.2801,25007.8685
25,100262.0913,73507.2305,0.4200,0.4200,10740.4490,5370.2245,1611.0673,92904.8837,2416.6010,859.2359,537.0224,3544.3482,0,7414.4844,0.4756,34905.9411,175017.2155,0.7332,26754.8608,3122.0455,25078.9484
26,100543.3317,73718.1875,0.4200,0.4200,10770.5765,5385.2883,1615.5865,93165.4868,2423.3797,861.6461,538.5288,3554.2902,0,7435.2875,0.4746,35011.2950,175519.4940,0.7332,26825.1442,3126.8014,25149.2961
27,100821.5848,73927.0199,0.4200,0.4200,10800.3840,5400.1920,1620.0576,93423.3217,2430.0864,864.0307,540.0192,3564.1267,0,7455.8698,0.4737,35115.6382,176016.7141,0.7332,26894.5649,3131.5478,25218.8967
28,101096.7884,74133.6842,0.4200,0.4200,10829.8648,5414.9324,1624.4797,93678.3309,2436.7196,866.3892,541.4932,3573.8554,0,7476.2266,0.4727,35218.9484,176508.7719,0.7333,26963.1042,3136.2847,25287.7344
29,101368.8785,74338.1353,0.4200,0.4200,10859.0122,5429.5061,1628.8518,93930.4551,2443.2777,868.7210,542.9506,3583.4740,0,7496.3533,0.4718,35321.2025,176995.5603,0.7333,27030.7431,3141.0121,25355.7934
30,101637.7893,74540.3271,0.4200,0.4200,10887.8189,5443.9094,1633.1728,94179.6333,2449.7592,871.0255,544.3909,3592.9802,0,7516.2449,0.4709,35422.3769,177476.9694,0.7334,27097.4621,3145.7301,25423.0571
31,101903.4530,74740.2122,0.4200,0.4200,10916.2778,5458.1389,1637.4417,94425.8027,2456.1625,873.3022,545.8139,3602.3717,0,7535.8965,0.4699,35522.4471,177952.8861,0.7334,27163.2408,3150.4387,25489.5086
32,102165.7998,74937.7415,0.4200,0.4200,10944.3813,5472.1907,1641.6572,94668.8986,2462.4858,875.5505,547.2191,3611.6458,0,7555.3029,0.4690,35621.3880,178423.1940,0.7335,27228.0583,3155.1378,25555.1304
33,102424.7578,75132.8647,0.4200,0.4200,10972.1219,5486.0609,1645.8183,94908.8543,2468.7274,877.7698,548.6061,3620.8002,0,7574.4587,0.4680,35719.1736,178887.7732,0.7335,27291.8930,3159.8275,25619.9046
34,102680.2529,75325.5301,0.4200,0.4200,10999.4915,5499.7457,1649.9237,95145.6012,2474.8856,879.9593,549.9746,3629.8322,0,7593.3586,0.4671,35815.7774,179346.5002,0.7336,27354.7228,3164.5078,25683.8126
35,102932.2088,75515.6841,0.4200,0.4200,11026.4819,5513.2410,1653.9723,95379.0687,2480.9584,882.1186,551.3241,3638.7390,0,7611.9968,0.4662,35911.1719,179799.2480,0.7336,27416.5247,3169.1788,25746.8353
36,103180.5472,75703.2719,0.4200,0.4200,11053.0849,5526.5424,1657.9627,95609.1841,2486.9441,884.2468,552.6542,3647.5180,0,7630.3676,0.4652,36005.3289,180245.8854,0.7337,27477.2753,3173.8405,25808.9532
37,103425.1873,75888.2367,0.4200,0.4200,11079.2916,5539.6458,1661.8937,95835.8725,2492.8406,886.3433,553.9646,3656.1662,0,7648.4650,0.4643,36098.2194,180686.2779,0.7338,27536.9506,3178.4928,25870.1459
38,103666.0463,76070.5205,0.4200,0.4200,11105.0933,5552.5467,1665.7640,96059.0574,2498.6460,888.4075,555.2547,3664.6808,0,7666.2829,0.4634,36189.8135,181120.2868,0.7338,27595.5259,3183.1358,25930.3930
39,103903.0394,76250.0633,0.4200,0.4200,11130.4809,5565.2405,1669.5721,96278.6599,2504.3582,890.4385,556.5240,3673.0587,0,7683.8150,0.4624,36280.0807,181547.7697,0.7339,27652.9761,3187.7695,25989.6729
40,104136.0794,76426.8037,0.4200,0.4200,11155.4450,5577.7225,1673.3168,96494.5995,2509.9751,892.4356,557.7723,3681.2969,0,7701.0548,0.4615,36368.9897,181968.5803,0.7339,27709.2756,3192.3940,26047.9641
41,104365.0775,76600.6789,0.4200,0.4200,11179.9762,5589.9881,1676.9964,96706.7938,2515.4946,894.3981,558.9988,3689.3921,0,7717.9959,0.4606,36456.5086,182382.5689,0.7340,27764.3986,3197.0092,26105.2443
42,104589.9432,76771.6245,0.4200,0.4200,11204.0646,5602.0323,1680.6097,96915.1589,2520.9145,896.3252,560.2032,3697.3413,0,7734.6314,0.4597,36542.6048,182789.5821,0.7340,27818.3187,3201.6152,26161.4909
43,104810.5843,76939.5747,0.4200,0.4200,11227.7005,5613.8503,1684.1551,97119.6095,2526.2326,898.2160,561.3850,3705.1412,0,7750.9547,0.4588,36627.2450,183189.4635,0.7341,27871.0096,3206.2120,26216.6807
44,105026.9076,77104.4625,0.4200,0.4200,11250.8739,5625.4369,1687.6311,97320.0590,2531.4466,900.0699,562.5437,3712.7884,0,7766.9588,0.4578,36710.3959,183582.0536,0.7341,27922.4451,3210.7995,26270.7905
45,105238.8187,77266.2201,0.4200,0.4200,11273.5746,5636.7873,1691.0362,97516.4201,2536.5543,901.8860,563.6787,3720.2796,0,7782.6367,0.4569,36792.0233,183967.1906,0.7342,27972.5987,3215.3779,26323.7967
46,105446.2230,77424.7785,0.4200,0.4200,11295.7925,5647.8963,1694.3689,97708.6051,2541.5533,903.6634,564.7896,3727.6115,0,7797.9814,0.4560,36872.0931,184344.7107,0.7343,28021.4445,3219.9472,26375.6755
47,105649.0256,77580.0684,0.4200,0.4200,11317.5175,5658.7587,1697.6276,97896.5261,2546.4414,905.4014,565.8759,3734.7808,0,7812.9859,0.4551,36950.5712,184714.4486,0.7343,28068.9571,3224.5073,26426.4033
48,105847.1319,77732.0202,0.4200,0.4200,11338.7394,5669.3697,1700.8109,98080.0955,2551.2164,907.0991,566.9370,3741.7840,0,7827.6433,0.4542,37027.4234,185076.2385,0.7344,28115.1118,3229.0583,26475.9564
49,106040.4487,77880.5641,0.4200,0.4200,11359.4482,5679.7241,1703.9172,98259.2267,2555.8758,908.7559,567.9724,3748.6179,0,7841.9466,0.4533,37102.6161,185429.9145,0.7344,28159.8847,3233.6002,26524.3115
50,106228.8841,78025.6310,0.4200,0.4200,11379.6341,5689.8170,1706.9451,98433.8348,2560.4177,910.3707,568.9817,3755.2792,0,7855.8890,0.4524,37176.1160,185775.3120,0.7345,28203.2531,3238.1330,26571.4456
51,106412.3486,78167.1527,0.4200,0.4200,11399.2875,5699.6437,1709.8931,98603.8367,2564.8397,911.9430,569.9644,3761.7649,0,7869.4639,0.4515,37247.8906,186112.2683,0.7346,28245.1959,3242.6567,26617.3363
52,106590.7558,78305.0621,0.4200,0.4200,11418.3991,5709.1996,1712.7599,98769.1524,2569.1398,913.4719,570.9200,3768.0717,0,7882.6649,0.4506,37317.9087,186440.6240,0.7346,28285.6937,3247.1714,26661.9619
53,106764.0231,78439.2941,0.4200,0.4200,11436.9602,5718.4801,1715.5440,98929.7054,2573.3160,914.9568,571.8480,3774.1969,0,7895.4859,0.4497,37386.1402,186760.2241,0.7347,28324.7290,3251.6770,26705.3020
54,106932.0727,78569.7862,0.4200,0.4200,11454.9623,5727.4811,1718.2443,99085.4236,2577.3665,916.3970,572.7481,3780.1375,0,7907.9211,0.4488,37452.5566,187070.9194,0.7348,28362.2866,3256.1737,26747.3369
55,107094.8325,78696.4786,0.4200,0.4200,11472.3977,5736.1989,1720.8597,99236.2401,2581.2895,917.7918,573.6199,3785.8912,0,7919.9653,0.4479,37517.1316,187372.5681,0.7348,28398.3539,3260.6613,26788.0486
56,107252.2368,78819.3155,0.4200,0.4200,11489.2594,5744.6297,1723.3889,99382.0941,2585.0834,919.1408,574.4630,3791.4556,0,7931.6135,0.4470,37579.8411,187665.0368,0.7349,28432.9214,3265.1400,26827.4208
57,107404.2275,78938.2451,0.4200,0.4200,11505.5412,5752.7706,1725.8312,99522.9317,2588.7468,920.4433,575.2771,3796.8286,0,7942.8614,0.4461,37640.6633,187948.2027,0.7350,28465.9823,3269.6097,26865.4388
58,107550.7545,79053.2209,0.4200,0.4200,11521.2378,5760.6189,1728.1857,99658.7067,2592.2785,921.6990,576.0619,3802.0085,0,7953.7053,0.4452,37699.5797,188221.9546,0.7350,28497.5336,3274.0705,26902.0902
59,107691.7775,79164.2019,0.4200,0.4200,11536.3447,5768.1723,1730.4517,99789.3814,2595.6775,922.9076,576.8172,3806.9937,0,7964.1422,0.4443,37756.5749,188486.1950,0.7351,28527.5756,3278.5224,26937.3648
60,107827.2657,79271.1533,0.4200,0.4200,11550.8587,5775.4293,1732.6288,99914.9275,2598.9432,924.0687,577.5429,3811.7834,0,7974.1699,0.4434,37811.6369,188740.8413,0.7352,28556.1124,3282.9653,26971.2550
61,107957.1997,79374.0475,0.4200,0.4200,11564.7777,5782.3888,1734.7167,100035.3270,2602.0750,925.1822,578.2389,3816.3766,0,7983.7868,0.4425,37864.7577,188985.8275,0.7352,28583.1521,3287.3994,27003.7559
62,108081.5712,79472.8643,0.4200,0.4200,11578.1008,5789.0504,1736.7151,100150.5722,2605.0727,926.2481,578.9050,3820.7733,0,7992.9924,0.4416,37915.9333,189221.1055,0.7353,28608.7069,3291.8246,27034.8654
63,108200.3845,79567.5916,0.4200,0.4200,11590.8285,5795.4143,1738.6243,100260.6669,2607.9364,927.2663,579.5414,3824.9734,0,8001.7869,0.4408,37965.1638,189446.6466,0.7354,28632.7929,3296.2409,27064.5847
64,108313.6560,79658.2259,0.4200,0.4200,11602.9626,5801.4813,1740.4444,100365.6266,2610.6666,928.2370,580.1481,3828.9777,0,8010.1716,0.4399,38012.4539,189662.4425,0.7354,28655.4302,3300.6485,27092.9177
65,108421.4155,79744.7726,0.4200,0.4200,11614.5062,5807.2531,1742.1759,100465.4788,2613.2639,929.1605,580.7253,3832.7871,0,8018.1486,0.4390,38057.8129,189868.5063,0.7355,28676.6429,3305.0472,27119.8720
66,108523.7058,79827.2468,0.4200,0.4200,11625.4639,5812.7320,1743.8196,100560.2630,2615.7294,930.0371,581.2732,3836.4031,0,8025.7211,0.4381,38101.2545,190064.8732,0.7356,28696.4590,3309.4371,27145.4583
67,108620.5828,79905.6725,0.4200,0.4200,11635.8418,5817.9209,1745.3763,100650.0312,2618.0644,930.8673,581.7921,3839.8278,0,8032.8931,0.4372,38142.7974,190251.6013,0.7356,28714.9102,3313.8182,27169.6905
68,108712.1154,79980.0840,0.4200,0.4200,11645.6471,5822.8235,1746.8471,100734.8472,2620.2706,931.6518,582.2824,3843.0635,0,8039.6699,0.4364,38182.4645,190428.7713,0.7357,28732.0314,3318.1906,27192.5859
69,108798.3855,80050.5246,0.4200,0.4200,11654.8886,5827.4443,1748.2333,100814.7867,2622.3499,932.3911,582.7444,3846.1133,0,8046.0574,0.4355,38220.2834,190596.4871,0.7358,28747.8609,3322.5542,27214.1650
70,108879.4869,80117.0475,0.4200,0.4200,11663.5765,5831.7883,1749.5365,100889.9370,2624.3047,933.0861,583.1788,3848.9803,0,8052.0625,0.4346,38256.2862,190754.8749,0.7358,28762.4395,3326.9091,27234.4512
71,108955.5256,80179.7149,0.4200,0.4200,11671.7221,5835.8610,1750.7583,100960.3959,2626.1375,933.7378,583.5861,3851.6683,0,8057.6930,0.4337,38290.5087,190904.0832,0.7359,28775.8106,3331.2553,27253.4710
72,109026.6180,80238.5982,0.4200,0.4200,11679.3378,5839.6689,1751.9007,101026.2716,2627.8510,934.3470,583.9669,3854.1815,0,8062.9576,0.4329,38322.9911,191044.2813,0.7360,28788.0198,3335.5927,27271.2537
73,109092.8908,80293.7767,0.4200,0.4200,11686.4371,5843.2186,1752.9656,101087.6813,2629.4484,934.9150,584.3219,3856.5243,0,8067.8656,0.4320,38353.7768,191175.6589,0.7360,28799.1140,3339.9216,27287.8307
74,109154.4798,80345.3381,0.4200,0.4200,11693.0348,5846.5174,1753.9552,101144.7510,2630.9328,935.4428,584.6517,3858.7015,0,8072.4271,0.4312,38382.9125,191298.4241,0.7361,28809.1417,3344.2417,27303.2363
75,109211.5289,80393.3769,0.4200,0.4200,11699.1461,5849.5731,1754.8719,101197.6138,2632.3079,935.9317,584.9573,3860.7182,0,8076.6526,0.4303,38410.4478,191412.8022,0.7361,28818.1520,3348.5532,27317.5062
76,109264.1887,80437.9942,0.4200,0.4200,11704.7872,5852.3936,1755.7181,101246.4095,2633.5771,936.3830,585.2394,3862.5798,0,8080.5532,0.4294,38436.4348,191519.0339,0.7362,28826.1945,3352.8561,27330.6782
77,109312.6157,80479.2968,0.4200,0.4200,11709.9749,5854.9874,1756.4962,101291.2829,2634.7444,936.7980,585.4987,3864.2917,0,8084.1407,0.4286,38460.9277,191617.3733,0.7362,28833.3189,3357.1504,27342.7914
78,109356.9708,80517.3962,0.4200,0.4200,11714.7264,5857.3632,1757.2090,101332.3832,2635.8134,937.1781,585.7363,3865.8597,0,8087.4268,0.4277,38483.9823,191708.0862,0.7363,28839.5746,3361.4361,27353.8861
79,109397.4184,80552.4081,0.4200,0.4200,11719.0593,5859.5296,1757.8589,101369.8628,2636.7883,937.5247,585.9530,3867.2896,0,8090.4236,0.4269,38505.6555,191791.4478,0.7363,28845.0103,3365.7132,27364.0034
80,109434.1251,80584.4512,0.4200,0.4200,11722.9914,5861.4957,1758.4487,101403.8760,2637.6731,937.8393,586.1496,3868.5872,0,8093.1436,0.4260,38526.0052,191867.7409,0.7364,28849.6739,3369.9818,27373.1850
81,109467.2588,80613.6466,0.4200,0.4200,11726.5408,5863.2704,1758.9811,101434.5783,2638.4717,938.1233,586.3270,3869.7585,0,8095.5992,0.4252,38545.0898,191937.2537,0.7364,28853.6122,3374.2418,27381.4729
82,109496.9871,80640.1167,0.4200,0.4200,11729.7255,5864.8627,1759.4588,101462.1252,2639.1882,938.3780,586.4863,3870.8094,0,8097.8026,0.4243,38562.9675,192000.2779,0.7365,28856.8704,3378.4934,27388.9089
83,109523.4771,80663.9848,0.4200,0.4200,11732.5632,5866.2816,1759.8845,101486.6713,2639.8267,938.6051,586.6282,3871.7458,0,8099.7663,0.4235,38579.6966,192057.1066,0.7365,28859.4923,3382.7364,27395.5350
84,109546.8939,80685.3738,0.4200,0.4200,11735.0717,5867.5358,1760.2607,101508.3698,2640.3911,938.8057,586.7536,3872.5736,0,8101.5026,0.4226,38595.3346,192108.0329,0.7365,28861.5201,3386.9709,27401.3923
85,109567.4001,80704.4062,0.4200,0.4200,11737.2684,5868.6342,1760.5903,101527.3713,2640.8854,938.9815,586.8634,3873.2986,0,8103.0233,0.4218,38609.9381,192153.3481,0.7366,28862.9939,3391.1970,27406.5216
86,109585.1550,80721.2027,0.4200,0.4200,11739.1703,5869.5852,1760.8755,101543.8233,2641.3133,939.1336,586.9585,3873.9262,0,8104.3403,0.4209,38623.5627,192193.3398,0.7366,28863.9523,3395.4146,27410.9627
87,109600.3138,80735.8823,0.4200,0.4200,11740.7942,5870.3971,1761.1191,101557.8698,2641.6787,939.2635,587.0397,3874.4621,0,8105.4652,0.4201,38636.2626,192228.2911,0.7366,28864.4316,3399.6237,27414.7545
88,109613.0276,80748.5612,0.4200,0.4200,11742.1561,5871.0781,1761.3234,101569.6506,2641.9851,939.3725,587.1078,3874.9115,0,8106.4090,0.4192,38648.0906,192258.4790,0.7367,28864.4664,3403.8245,27417.9346
89,109623.4422,80759.3529,0.4200,0.4200,11743.2718,5871.6359,1761.4908,101579.3010,2642.2362,939.4617,587.1636,3875.2797,0,8107.1825,0.4184,38659.0975,192284.1736,0.7367,28864.0893,3408.0168,27420.5396
90,109631.6985,80768.3675,0.4200,0.4200,11744.1562,5872.0781,1761.6234,101586.9515,2642.4352,939.5325,587.2078,3875.5716,0,8107.7962,0.4176,38669.3326,192305.6369,0.7367,28863.3310,3412.2008,27422.6048
91,109637.9317,80775.7114,0.4200,0.4200,11744.8240,5872.4120,1761.7236,101592.7273,2642.5854,939.5859,587.2412,3875.7919,0,8108.2602,0.4167,38678.8433,192323.1224,0.7367,28862.2203,3416.3764,27424.1640
92,109642.2714,80781.4872,0.4200,0.4200,11745.2888,5872.6444,1761.7933,101596.7485,2642.6900,939.6231,587.2644,3875.9453,0,8108.5839,0.4159,38687.6747,192336.8743,0.7368,28860.7841,3420.5437,27425.2495
93,109644.8412,80785.7935,0.4200,0.4200,11745.5641,5872.7821,1761.8346,101599.1298,2642.7519,939.6451,587.2782,3876.0362,0,8108.7765,0.4151,38695.8703,192347.1273,0.7368,28859.0477,3424.7026,27425.8923
94,109645.7591,80788.7245,0.4200,0.4200,11745.6625,5872.8312,1761.8494,101599.9803,2642.7741,939.6530,587.2831,3876.0686,0,8108.8468,0.4142,38703.4713,192354.1060,0.7368,28857.0346,3428.8532,27426.1219
95,109645.1370,80790.3704,0.4200,0.4200,11745.5958,5872.7979,1761.8394,101599.4038,2642.7591,939.6477,587.2798,3876.0466,0,8108.8031,0.4134,38710.5168,192358.0246,0.7368,28854.7666,3432.9955,27425.9662
96,109643.0809,80790.8168,0.4200,0.4200,11745.3756,5872.6878,1761.8063,101597.4987,2642.7095,939.6300,587.2688,3875.9739,0,8108.6531,0.4126,38717.0441,192359.0876,0.7369,28852.2642,3437.1295,27425.4520
97,109639.6914,80790.1452,0.4200,0.4200,11745.0125,5872.5062,1761.7519,101594.3578,2642.6278,939.6010,587.2506,3875.8541,0,8108.4044,0.4117,38723.0884,192357.4886,0.7369,28849.5462,3441.2552,27424.6041
98,109635.0630,80788.4328,0.4200,0.4200,11744.5167,5872.2583,1761.6775,101590.0691,2642.5162,939.5613,587.2258,3875.6905,0,8108.0639,0.4109,38728.6828,192353.4115,0.7369,28846.6301,3445.3727,27423.4464
99,109629.2849,80785.7526,0.4200,0.4200,11743.8977,5871.9488,1761.5847,101584.7150,2642.3770,939.5118,587.1949,3875.4862,0,8107.6383,0.4101,38733.8587,192347.0299,0.7369,28843.5323,3449.4820,27422.0011
100,109622.4411,80782.1733,0.4200,0.4200,11743.1645,5871.5823,1761.4747,101578.3733,2642.2120,939.4532,587.1582,3875.2443,0,8107.1337,0.4093,38738.6454,192338.5078,0.7369,28840.2678,3453.5830,27420.2892
