metodo,w1,w2,w3,w4,FO1_kUSD,FO2_tCO2,FO3_emp,FO4_pct,FO1_norm,FO2_norm,FO3_norm,FO4_norm,dist_utopico,n_tec,tec_list,fo_principal
suma_ponderada,0.0,0.25,0.25,0.5,42003.58,1917.955,14242.881,100.0,1.0,0.2247,0.3544,0.0,1.0845,5,"['molienda', 'secado', 'compostaje', 'pirolisis', 'carbonizacion']",
suma_ponderada,0.0,0.5,0.25,0.25,27748.51,1313.659,14056.944,100.0,1.0,0.2181,0.3669,0.0,1.0873,5,"['molienda', 'secado', 'compostaje', 'pirolisis', 'carbonizacion']",
suma_ponderada,0.0,0.5,0.5,0.0,26446.95,1917.955,14242.881,100.0,1.0,0.2247,0.3544,0.0,1.0845,5,"['molienda', 'secado', 'compostaje', 'pirolisis', 'carbonizacion']",
suma_ponderada,0.0,0.75,0.0,0.25,51440.79,-6495.755,9148.169,100.0,0.9953,0.1337,0.6958,0.0,1.2217,5,"['molienda', 'secado', 'compostaje', 'pirolisis', 'carbonizacion']",
suma_ponderada,0.0,0.75,0.25,0.0,38060.66,-16536.431,7809.412,76.0,1.0,0.0251,0.7855,0.0,1.2718,5,"['molienda', 'secado', 'compostaje', 'pirolisis', 'carbonizacion']",
suma_ponderada,0.0,1.0,0.0,0.0,50.0,-22515.884,4201.004,26.59,1.0,0.0,1.0,0.3668,1.461,6,"['molienda', 'secado', 'compostaje', 'extraccion_solventes', 'pirolisis', 'carbonizacion']",
suma_ponderada,0.25,0.0,0.0,0.75,356532.69,50017.429,10710.052,100.0,0.0,0.7447,0.5911,0.0,0.9508,5,"['molienda', 'secado', 'compostaje', 'extraccion_solventes', 'hidrolisis_enzimatica']",
suma_ponderada,0.25,0.0,0.25,0.5,339844.72,58988.955,15767.576,100.0,0.0544,0.8417,0.2523,0.0,0.8804,5,"['molienda', 'secado', 'compostaje', 'extraccion_solventes', 'hidrolisis_enzimatica']",
suma_ponderada,0.25,0.0,0.75,0.0,299716.89,73631.603,16743.752,100.0,0.1853,1.0,0.1869,0.0,1.0341,6,"['molienda', 'secado', 'compostaje', 'fermentacion', 'extraccion_solventes', 'hidrolisis_enzimatica']",
suma_ponderada,0.25,0.25,0.0,0.5,346454.83,30456.711,11007.553,100.0,0.0329,0.5332,0.5712,0.0,0.7821,6,"['molienda', 'secado', 'compostaje', 'extraccion_solventes', 'hidrolisis_enzimatica', 'carbonizacion']",
suma_ponderada,0.25,0.25,0.25,0.25,324002.77,41659.497,15916.327,100.0,0.1061,0.6543,0.2423,0.0,0.7058,6,"['molienda', 'secado', 'compostaje', 'extraccion_solventes', 'hidrolisis_enzimatica', 'carbonizacion']",
suma_ponderada,0.25,0.5,0.0,0.25,238629.15,4741.431,10189.424,100.0,0.3846,0.2552,0.626,0.0,0.7778,6,"['molienda', 'secado', 'compostaje', 'extraccion_solventes', 'pirolisis', 'carbonizacion']",
suma_ponderada,0.25,0.5,0.25,0.0,229332.23,9947.708,13461.941,100.0,0.415,0.3115,0.4067,0.0,0.6593,6,"['molienda', 'secado', 'compostaje', 'extraccion_solventes', 'pirolisis', 'carbonizacion']",
suma_ponderada,0.25,0.75,0.0,0.0,161034.27,-10121.556,5578.152,34.0,0.6378,0.0945,0.9349,0.1905,1.1516,6,"['molienda', 'secado', 'compostaje', 'extraccion_solventes', 'pirolisis', 'carbonizacion']",
suma_ponderada,0.5,0.25,0.25,0.0,338320.02,35012.203,13871.005,100.0,0.0594,0.5825,0.3793,0.0,0.6976,6,"['molienda', 'secado', 'compostaje', 'extraccion_solventes', 'hidrolisis_enzimatica', 'carbonizacion']",
suma_ponderada,0.5,0.5,0.0,0.0,339946.98,24599.649,10226.612,86.0,0.0541,0.4699,0.6235,0.0,0.7826,6,"['molienda', 'secado', 'compostaje', 'extraccion_solventes', 'hidrolisis_enzimatica', 'carbonizacion']",
suma_ponderada,0.75,0.0,0.25,0.0,343749.42,57176.059,15209.762,100.0,0.0417,0.8221,0.2896,0.0,0.8726,5,"['molienda', 'secado', 'compostaje', 'extraccion_solventes', 'hidrolisis_enzimatica']",
eps_FO1,0.0,0.0,0.0,0.0,351898.53,50508.451,12069.965,100.0,0.0151,0.75,0.5,0.0,0.9015,6,"['molienda', 'secado', 'compostaje', 'extraccion_solventes', 'hidrolisis_enzimatica', 'carbonizacion']",1.0
eps_FO1,0.0,0.0,0.0,0.0,332470.21,50508.451,15801.397,100.0,0.0785,0.75,0.25,0.0,0.7945,6,"['molienda', 'secado', 'compostaje', 'extraccion_solventes', 'hidrolisis_enzimatica', 'carbonizacion']",1.0
eps_FO1,0.0,0.0,0.0,0.0,343042.15,27385.298,10598.031,92.66,0.044,0.5,0.5986,0.0,0.7812,6,"['molienda', 'secado', 'compostaje', 'extraccion_solventes', 'hidrolisis_enzimatica', 'carbonizacion']",1.0
eps_FO1,0.0,0.0,0.0,0.0,312237.12,27385.298,12069.965,92.52,0.1445,0.5,0.5,0.0,0.7217,6,"['molienda', 'secado', 'compostaje', 'extraccion_solventes', 'hidrolisis_enzimatica', 'carbonizacion']",1.0
eps_FO1,0.0,0.0,0.0,0.0,238096.61,4262.146,10125.519,98.85,0.3864,0.25,0.6303,0.0,0.7804,6,"['molienda', 'secado', 'compostaje', 'extraccion_solventes', 'pirolisis', 'carbonizacion']",1.0
eps_FO1,0.0,0.0,0.0,0.0,210494.54,4262.146,12069.965,94.52,0.4764,0.25,0.5,0.0,0.7345,6,"['molienda', 'secado', 'compostaje', 'extraccion_solventes', 'pirolisis', 'carbonizacion']",1.0
eps_FO2,0.0,0.0,0.0,0.0,126633.17,-10722.344,8338.534,77.65,0.75,0.088,0.75,0.0,1.0643,6,"['molienda', 'secado', 'compostaje', 'extraccion_solventes', 'pirolisis', 'carbonizacion']",2.0
eps_FO2,0.0,0.0,0.0,0.0,126633.17,-253.56,12069.965,93.4,0.75,0.2012,0.5,0.0,0.9236,6,"['molienda', 'secado', 'compostaje', 'extraccion_solventes', 'pirolisis', 'carbonizacion']",2.0
eps_FO2,0.0,0.0,0.0,0.0,203266.34,-5091.041,8338.533,71.28,0.5,0.1489,0.75,0.0,0.9136,6,"['molienda', 'secado', 'compostaje', 'extraccion_solventes', 'pirolisis', 'carbonizacion']",2.0
eps_FO2,0.0,0.0,0.0,0.0,203266.34,3830.312,12069.965,94.42,0.5,0.2453,0.5,0.0,0.7485,6,"['molienda', 'secado', 'compostaje', 'extraccion_solventes', 'pirolisis', 'carbonizacion']",2.0
eps_FO2,0.0,0.0,0.0,0.0,279899.52,16922.348,9239.53,80.1,0.25,0.3869,0.6896,0.0,0.8293,6,"['molienda', 'secado', 'compostaje', 'extraccion_solventes', 'hidrolisis_enzimatica', 'carbonizacion']",2.0
eps_FO2,0.0,0.0,0.0,0.0,279899.52,24788.658,12069.965,91.4,0.25,0.4719,0.5,0.0,0.7316,6,"['molienda', 'secado', 'compostaje', 'extraccion_solventes', 'hidrolisis_enzimatica', 'carbonizacion']",2.0
eps_FO2,0.0,0.0,0.0,0.0,294724.53,38882.699,15801.397,100.0,0.2016,0.6243,0.25,0.0,0.7021,6,"['molienda', 'secado', 'compostaje', 'extraccion_solventes', 'hidrolisis_enzimatica', 'carbonizacion']",2.0
eps_FO3,0.0,0.0,0.0,0.0,126633.17,44680.996,15962.811,100.0,0.75,0.687,0.2392,0.0,1.0448,6,"['molienda', 'secado', 'compostaje', 'fermentacion', 'extraccion_solventes', 'carbonizacion']",3.0
eps_FO3,0.0,0.0,0.0,0.0,126633.17,13539.104,15172.573,100.0,0.75,0.3503,0.2921,0.0,0.8778,6,"['molienda', 'secado', 'compostaje', 'hidrolisis_enzimatica', 'pirolisis', 'carbonizacion']",3.0
eps_FO3,0.0,0.0,0.0,0.0,126633.17,4262.146,13638.246,99.43,0.75,0.25,0.3949,0.0,0.8837,6,"['molienda', 'secado', 'compostaje', 'extraccion_solventes', 'pirolisis', 'carbonizacion']",3.0
eps_FO3,0.0,0.0,0.0,0.0,203266.34,27385.298,15135.385,100.0,0.5,0.5,0.2946,0.0,0.766,6,"['molienda', 'secado', 'compostaje', 'extraccion_solventes', 'pirolisis', 'carbonizacion']",3.0
eps_FO3,0.0,0.0,0.0,0.0,203266.34,4262.146,12219.709,94.99,0.5,0.25,0.49,0.0,0.7433,6,"['molienda', 'secado', 'compostaje', 'extraccion_solventes', 'pirolisis', 'carbonizacion']",3.0
eps_FO3,0.0,0.0,0.0,0.0,313113.28,40462.983,15916.327,100.0,0.1416,0.6414,0.2423,0.0,0.7001,6,"['molienda', 'secado', 'compostaje', 'extraccion_solventes', 'hidrolisis_enzimatica', 'carbonizacion']",3.0
eps_FO3,0.0,0.0,0.0,0.0,279899.52,27385.298,12967.528,94.86,0.25,0.5,0.4399,0.0,0.7113,6,"['molienda', 'secado', 'compostaje', 'extraccion_solventes', 'hidrolisis_enzimatica', 'carbonizacion']",3.0
chebyshev,0.05,0.05,0.05,0.85,233677.68,18209.038,13550.757,100.0,0.4008,0.4008,0.4008,0.0,0.6942,6,"['molienda', 'secado', 'compostaje', 'extraccion_solventes', 'pirolisis', 'carbonizacion']",
chebyshev,0.05,0.31666666666666665,0.05,0.5833333333333334,117297.82,-7463.171,8822.137,82.05,0.7805,0.1232,0.7176,0.0,1.0674,6,"['molienda', 'secado', 'compostaje', 'hidrolisis_enzimatica', 'pirolisis', 'carbonizacion']",
chebyshev,0.05,0.31666666666666665,0.31666666666666665,0.31666666666666665,15324.34,10411.26,14809.101,100.0,1.0,0.3165,0.3165,0.0,1.0956,6,"['molienda', 'secado', 'compostaje', 'fermentacion', 'pirolisis', 'carbonizacion']",
chebyshev,0.05,0.31666666666666665,0.5833333333333334,0.05,50.0,17216.134,15219.058,100.0,1.0,0.3901,0.289,0.0,1.1116,6,"['molienda', 'secado', 'compostaje', 'fermentacion', 'pirolisis', 'carbonizacion']",
chebyshev,0.05,0.5833333333333334,0.05,0.31666666666666665,61207.55,-11222.932,8358.344,85.84,0.9634,0.0826,0.7487,0.0,1.2229,5,"['molienda', 'secado', 'compostaje', 'pirolisis', 'carbonizacion']",
chebyshev,0.05,0.5833333333333334,0.31666666666666665,0.05,28528.77,508.231,13775.044,98.92,1.0,0.2094,0.3858,0.0,1.0921,5,"['molienda', 'secado', 'compostaje', 'pirolisis', 'carbonizacion']",
chebyshev,0.05,0.85,0.05,0.05,93893.88,-14199.35,6744.388,56.77,0.8568,0.0504,0.8568,0.0,1.2128,6,"['molienda', 'secado', 'compostaje', 'extraccion_solventes', 'pirolisis', 'carbonizacion']",
chebyshev,0.31666666666666665,0.31666666666666665,0.05,0.31666666666666665,250429.23,13154.457,8755.087,77.21,0.3461,0.3461,0.7221,0.0,0.8724,6,"['molienda', 'secado', 'compostaje', 'extraccion_solventes', 'hidrolisis_enzimatica', 'carbonizacion']",
chebyshev,0.31666666666666665,0.5833333333333334,0.05,0.05,234596.67,1112.2,9705.527,91.33,0.3978,0.2159,0.6584,0.0,0.799,6,"['molienda', 'secado', 'compostaje', 'extraccion_solventes', 'pirolisis', 'carbonizacion']",
chebyshev,0.5833333333333334,0.05,0.05,0.31666666666666665,342579.23,30259.055,11606.221,96.51,0.0455,0.5311,0.5311,0.0,0.7524,6,"['molienda', 'secado', 'compostaje', 'extraccion_solventes', 'hidrolisis_enzimatica', 'carbonizacion']",
chebyshev,0.5833333333333334,0.05,0.31666666666666665,0.05,319950.36,66248.41,16251.54,100.0,0.1193,0.9202,0.2198,0.0,0.9536,6,"['molienda', 'secado', 'compostaje', 'fermentacion', 'extraccion_solventes', 'hidrolisis_enzimatica']",
chebyshev,0.5833333333333334,0.31666666666666665,0.05,0.05,289863.03,18196.221,9403.314,81.08,0.2175,0.4007,0.6787,0.0,0.8176,6,"['molienda', 'secado', 'compostaje', 'extraccion_solventes', 'hidrolisis_enzimatica', 'carbonizacion']",
chebyshev,0.85,0.05,0.05,0.05,346524.56,32476.184,11248.438,100.0,0.0326,0.555,0.555,0.0,0.7856,6,"['molienda', 'secado', 'compostaje', 'extraccion_solventes', 'hidrolisis_enzimatica', 'carbonizacion']",
